{
  "generated_at": "2026-04-16T15:12:03",
  "sessions_root": "/Users/nakazawa/Desktop/Nozawa Lab/RealTime-IBI&BP/Analysis/Data/realtime_sessions",
  "ridge_alpha": 0.03,
  "note": "CNAP is used only as offline training/evaluation labels. Runtime app uses these fixed coefficients and does not read CNAP values.",
  "alpha_map": 0.3,
  "alpha_pp": 0.5,
  "models": {
    "RTBP": {
      "features": [
        "M1_A_used",
        "M1_HR_used",
        "M1_V2P_relTTP_used",
        "M1_P2V_relTTP_used"
      ],
      "MAP": [
        98.08688269140994,
        0.002965635095376108,
        0.00032353116840502143,
        0.04987753444398114,
        -0.11836984277992194
      ],
      "PP": [
        29.274858157485745,
        0.053067232129562936,
        -0.01884752902366782,
        14.181577445000876,
        -31.01270478915928
      ],
      "PP_effective": [
        29.274858157485745,
        0.053067232129562936,
        -0.018849409364261306,
        14.181843619640842,
        -31.013481286966044
      ],
      "SBP": [
        117.60345479640043,
        0.03834378984841807,
        -0.012242741741102516,
        9.504439947537875,
        -20.79402403409062
      ],
      "DBP": [
        88.32859663891469,
        -0.014723442281144871,
        0.00660666762315879,
        -4.677403672102966,
        10.219457252875426
      ],
      "pp_term_scales": {
        "HR": 1.0000997658945703,
        "V2P_relTTP": 1.000018769043218,
        "P2V_relTTP": 1.0000250380549534
      }
    },
    "SinBP_D": {
      "architecture": "RTBP MAP/PP base with M2 A/HR/relTTP features plus residual [intercept, Stiffness_sin, E]",
      "residual_features": [
        "M2_Stiffness_used",
        "M2_E_used"
      ],
      "residual_MAP": [
        0.0018108361514461314,
        0.004785206984238616,
        -0.008775274758135023
      ],
      "residual_PP": [
        3.7641981371729827,
        2.7863673071152406,
        -7.537033293641209
      ],
      "combined_MAP": [
        98.08869352756139,
        0.002965635095376108,
        0.00032353116840502143,
        0.04987753444398114,
        -0.11836984277992194,
        0.004785206984238616,
        -0.008775274758135023
      ],
      "combined_PP": [
        33.03905629465873,
        0.053067232129562936,
        -0.01884752902366782,
        14.181577445000876,
        -31.01270478915928,
        2.7863673071152406,
        -7.537033293641209
      ],
      "combined_PP_effective": [
        33.03905629465873,
        0.053067232129562936,
        -0.0279916482787821,
        14.181577445000876,
        -31.01270478915928,
        2.738942787789452,
        -7.206063644370788
      ],
      "combined_SBP": [
        120.11473105733387,
        0.03834378984841807,
        -0.018337567684116377,
        9.504262497777898,
        -20.79350636888611,
        1.83074706551054,
        -4.81281770433866
      ],
      "combined_DBP": [
        87.07567476267515,
        -0.014723442281144871,
        0.00965408059466572,
        -4.677314947222977,
        10.219198420273171,
        -0.9081957222789121,
        2.3932459400321275
      ],
      "GAMMA_SBP_correction": [
        2.5112762609334345,
        1.8623634117277323,
        -5.033464137185608
      ],
      "DELTA_DBP_correction": [
        -1.252921876239548,
        -0.9240038953875083,
        2.5035691564556015
      ],
      "pp_term_scales": {
        "HR": 1.4851627629081527,
        "Stiffness": 0.9829798034147595,
        "E": 0.956087543151806
      }
    },
    "SinBP_M": {
      "features": [
        "M3_A_used",
        "M3_HR_used",
        "M3_Mean_used",
        "M3_sinPhi_used",
        "M3_cosPhi_used"
      ],
      "MAP": [
        98.0927217680995,
        0.007178979670796855,
        -2.8845998853111546e-05,
        0.010336498127541083,
        -0.010449744520172211,
        -0.056991738552018334
      ],
      "PP": [
        31.876001152054585,
        -0.48797460623521965,
        -0.0852147632167321,
        1.867867139138918,
        1.064343528565429,
        -13.556532472597219
      ],
      "PP_effective": [
        31.876001152054585,
        -0.48797460623521965,
        -0.08521598306987167,
        1.867867139138918,
        1.0644448324112812,
        -13.556532472597219
      ],
      "SBP": [
        119.34338920280254,
        -0.31813742448601623,
        -0.05683950137876756,
        1.2555812575534864,
        0.6991801437540152,
        -9.09468005361683
      ],
      "DBP": [
        87.46738805074797,
        0.1698371817492034,
        0.028376481691104113,
        -0.6122858815854315,
        -0.3652646886572659,
        4.461852418980388
      ],
      "pp_term_scales": {
        "HR": 1.0000143150446417,
        "sinPhi": 1.0000951796512436
      }
    }
  },
  "sessions": [
    "eitaro_20260410_155023",
    "jin_20260409_182834",
    "yamaguchi_20260410_180602",
    "yu_20260409_182115",
    "yusuke_20260410_181941",
    "zawa_20260409_181339",
    "zawa_20260414_150640",
    "zawa_20260414_154020",
    "zawa_20260416_145236"
  ],
  "sample_counts": {
    "RTBP": 918,
    "SinBP_D": 834,
    "SinBP_M": 802
  }
}
