{
  "generated_at": "2026-05-02T16:19:33",
  "sessions_root": "/Users/nakazawa/Desktop/Nozawa Lab/RealTime-IBI&BP/Analysis/Data/realtime_sessions",
  "include_past": false,
  "past_only": true,
  "ridge_alpha": 1.0,
  "note": "CNAP is used only as offline training/evaluation labels. Runtime app uses these fixed coefficients and does not read CNAP values.",
  "alpha_map": 0.3,
  "alpha_pp": 0.5,
  "models": {
    "RTBP": {
      "features": [
        "M1_A_used",
        "M1_HR_used",
        "M1_V2P_relTTP_used",
        "M1_P2V_relTTP_used"
      ],
      "MAP": [
        98.17933671736458,
        0.00517585270648243,
        -0.0011788672226907752,
        0.04921591953183601,
        -0.12096408757505715
      ],
      "PP": [
        36.93711538452443,
        1.7028474361413386,
        -0.37065794721668943,
        8.653490892925587,
        -33.7685987171883
      ],
      "SBP": [
        122.80408030704753,
        1.1404074768007082,
        -0.2482841653671504,
        5.818209848148894,
        -22.633363232367255
      ],
      "DBP": [
        85.8669649225231,
        -0.5624399593406304,
        0.12237378184953904,
        -2.835281044776693,
        11.135235484821042
      ]
    },
    "SinBP_D": {
      "architecture": "RTBP MAP/PP base with M2 A/HR/relTTP features plus residual [intercept, E]; Stiffness is not used in the active SinBP(D) regression.",
      "residual_features": [
        "M2_E_used"
      ],
      "residual_MAP": [
        -0.0019547906819300243,
        0.006434048607158859
      ],
      "residual_PP": [
        0.43101704424653153,
        1.8230015472167056
      ],
      "combined_MAP": [
        98.17738192668264,
        0.00517585270648243,
        -0.0011788672226907752,
        0.04921591953183601,
        -0.12096408757505715,
        0.006434048607158859
      ],
      "combined_PP": [
        37.36813242877096,
        1.7028474361413386,
        -0.37065794721668943,
        8.653490892925587,
        -33.7685987171883,
        1.8230015472167056
      ],
      "combined_SBP": [
        123.08947021252995,
        1.1404074768007082,
        -0.2482841653671504,
        5.818209848148894,
        -22.633363232367255,
        1.2217684134182958
      ],
      "combined_DBP": [
        85.72133778375898,
        -0.5624399593406304,
        0.12237378184953904,
        -2.835281044776693,
        11.135235484821042,
        -0.6012331337984096
      ],
      "GAMMA_SBP_correction": [
        0.28538990548242427,
        1.2217684134182958
      ],
      "DELTA_DBP_correction": [
        -0.14562713876410718,
        -0.6012331337984096
      ]
    },
    "SinBP_M": {
      "features": [
        "M3_A_used",
        "M3_HR_used",
        "M3_Mean_used",
        "M3_sinPhi_used",
        "M3_cosPhi_used"
      ],
      "MAP": [
        98.11484641408586,
        0.019010642113272858,
        -0.0011211410980227579,
        0.014776920392505458,
        -0.025498238054972498,
        -0.05445725490886895
      ],
      "PP": [
        21.41909245667339,
        5.991918366443132,
        -0.2912741893542163,
        3.3541096069693386,
        -9.002646049541775,
        -11.165543654161441
      ],
      "SBP": [
        112.39424138520145,
        4.013622886408694,
        -0.1953039340008336,
        2.250849991705398,
        -6.027262271082823,
        -7.49815302434983
      ],
      "DBP": [
        90.97514892852806,
        -1.9782954800344377,
        0.09597025535338266,
        -1.1032596152639407,
        2.9753837784589527,
        3.6673906298116115
      ]
    }
  },
  "sessions": [
    "eitaro_20260410_155023",
    "jin_20260416_160710",
    "yamaguchi_20260410_180602",
    "yu_20260409_182115",
    "yusuke_20260410_181941",
    "zawa_20260416_171401"
  ],
  "sample_counts": {
    "RTBP": 643,
    "SinBP_D": 598,
    "SinBP_M": 579
  }
}
